Algorithm,TP,FP,TN,FN,Fscore (PDC),Fscore,balancedAccuracy,mcc,Fitness,Simplicity,Subprocesses,Events,Runtime
DisCoveR,357.0431472081218,162.0,223.8197969543147,51.2994923857868,0.6656597070643321,0.8060642691330258,0.7745947167612268,0.6054584497470735,1.0,145.04060913705584,0.0,27.492385786802032,0.14015877670442994
Sp-DisCoveR,335.9162436548223,161.4010152284264,224.41878172588832,72.42639593908629,0.5569687970212518,0.7010888561584501,0.708937678448859,0.49050165356392894,0.9092150108774474,140.78934010152284,2.3578680203045685,29.83756345177665,0.8609070632663475
Sp-DisCoveR_no_i2e_e2i,355.5,177.74111675126903,208.07868020304568,52.84263959390863,0.6317292027964907,0.7930704064285966,0.7572647412369523,0.5656367633973814,1.0,95.41878172588832,2.3578680203045685,29.83756345177665,0.8589211194043233
